{
  "intents": [
  {
    "tag": "joke",
    "patterns": ["Tell me a joke", "Tell joke", "tell a funny joke"]
  },
  {
    "tag": "news",
    "patterns": ["Tell me news headlines", "what are today's top news", "Tell news", "What are today's news headlines"]
  },
  {
    "tag": "ip",
    "patterns": ["what is my ip address", "get my ip address", "Find ip address", "Tell ip address"]
  },
  {
    "tag": "movies",
    "patterns": ["Find trending movies", "List some trending movies", "list some popular movies", "get some popular movies", "tell some popular movies"]
  },
  {
    "tag": "tv_series",
    "patterns": ["Find trending tv web series", "List some trending tv web series", "list some popular tv web series", "get some popular tv web series", "tell me some popular web tv series"]
  },
  {
    "tag": "weather",
    "patterns": ["What's weather the today", "Get weather report", "What's the weather forecast", "Get weather forecast", "Fetch the weather report", "Get today's weather details", "Find weather detail's", "Get weather information", "Fetch weather information", "Fetch weather forecast"]
  },
  {
    "tag": "internet_speedtest",
    "patterns": ["Get my internet speed", "Check internet speed", "what is my internet speed"]
  },
  {
    "tag": "system_stats",
    "patterns": ["Fetch system stats", "Get system resource consumption", "Get system stats", "retrieve system stats"]
  },
  {
    "tag": "image_generation",
    "patterns": ["Generate image", "Create image", "Generate image from text"]
  },
  {
    "tag": "system_info",
    "patterns": ["fetch system information", "get system info", "fetch system specifications", "get system specs"]
  },
  {
    "tag": "email",
    "patterns": ["Send an email", "send an email", "send email"]
  },
  {
    "tag": "select_text",
    "patterns": ["select the text", "select all text", "select text", "select"]
  },
  {
    "tag": "copy_text",
    "patterns": ["copy text", "copy the text", "copy the text", "copy"]
  },
  {
    "tag": "paste_text",
    "patterns": ["paste text", "paste the text", "paste"]
  },
  {
    "tag": "delete_text",
    "patterns": ["delete text", "delete", "delete the text"]
  },
  {
    "tag": "save_file",
    "patterns": ["save file", "save", "save the file", "save this file"]
  },
  {
    "tag": "new_file",
    "patterns": ["create new file", "open new file"]
  }, 
  {
    "tag": "switch_tab",
    "patterns": ["switch tab", "switch the tab", "switch tab"]
  },
  {
    "tag": "close_tab",
    "patterns": ["close tab", "close the tab", "close tab"]
  },
  {
    "tag": "new_tab",
    "patterns": ["open new tab", "open a new tab", "new tab", "create new tab"]
  },
  {
    "tag": "close_window",
    "patterns": ["close window", "close the window", "close window"]
  },
  {
    "tag": "switch_window",
    "patterns": ["switch window", "switch the window", "switch window"]
  },
  {
    "tag": "minimize_window",
    "patterns": ["minimize window", "minimize window", "minimize the window"]
  },
  {
    "tag": "maximize_window",
    "patterns": ["maximize window", "maximize window", "maximize the window"]
  },
  {
    "tag": "screenshot",
    "patterns": ["take screenshot", "take screenshot", "take a screenshot"]
  },
  {
    "tag": "stopwatch",
    "patterns": ["start stopwatch", "start the stopwatch", "start the stopwatch"]
  },
  {
    "tag": "wikipedia",
    "patterns": ["tell me about virat kohli", "tell me something about barak obama", "tell me about president of india", "tell me about mukesh ambani", "tell me something about narendra modi", "tell me something about sardar patel", "tell something about quantum computing", "tell about python programming language", "tell something about india", "tell something about stock markets", "tell me about cristiano ronaldo", "tell me about ms dhoni", "tell me about bhupendra patel", "tell me something about rahul gandhi", "tell something about bill and melinda gates foundation", "tell something about drugs business in usa", "tell something about neuralink", "tell something about lionel messi"]
  },
  {
    "tag": "math",
    "patterns": ["what is 10 + 10", "solve for 9 multiply 5", "what is 34 minus 456", "what is 34783 divided by 456", "solve for 9683 / 56", "what is 712 * 9", "what is 2034983 - 342344", "solve for 9 % 2", "what is 345 percentage of 12345", "what is sin of 45", "what is cos(90)", "what is tan 25", "what is log of 345", "what is root of 234", "what is root of 987", "what is sum of 345 and 234", "what is sum of 123 and 789", "what is sum of 765 and 9163", "what is difference of 234 and 5674", "what is difference of 345 and 165", "what is logarithm of 456 base 10", "what is log of 225", "what is log of 1987", "what is logarithm of 9876", "what is product of 34 and 345", "what is product of 873 and 2", "what is 34 multiply 234", "what is 12 multiply 8", "what is 12 divided by 7", "what is 45 + 34", "what is 23145 + 3456772", "what is 2347 - 23463", "what is 234 - 0", "what is 23476 * 3", "what is 6785760 * 1267340", "what is 23 / 8745", "what is 8765 / 56845"]
  },
  {
    "tag": "open_website",
    "patterns": ["open google", "open gmail", "open myclass", "open lpulive", "open ums", "open github", "open youtube", "open sanfoundry", "open hackerrank", "open hackerearth", "open codeforces", "open codechef", "open codecademy", "open leetcode", "open udemy", "open edx", "open coursera", "open w3resource", "open w3schools", "open geeksforgeeks", "open stackoverflow", "open instagram", "open facebook", "open linkedin", "open twitter", "open imdb", "open netflix", "open amazon prime", "open whatsapp", "open hotstar", "open cricbuzz", "open google maps", "open flipkart", "open amazon", "open nykaa", "open myntra", "open amazon flex", "open swiggy", "open zomato", "open spotify"]
  },
  {
    "tag": "open_app",
    "patterns": ["open ms access", "open access", "open ms powerpoint", "open powerpoint", "open wordpad", "open word", "open ms word", "open excel", "open ms excel", "open outlook", "open ms outlook", "open publisher", "open ms publisher", "open onenote", "open ms onenote", "open sharepoint", "open ms sharepoint", "open infopath designer", "open infopath filler", "open brave", "open brave browser", "open calculator", "open camera", "open command prompt", "open computer management", "open control panel", "open cortana", "open discord", "open disk cleanup", "open documentation", "event viewer", "open file explorer", "open git bash", "open git cmd", "open git gui", "open groove music", "open hashcalc", "open magnifier", "open internet explorer", "node js command prompt", "open notepad", "open onedrive", "open paint", "open photos", "open task manager", "open telegram", "open this pc", "open video editor", "open visual studio", "open visual studio code", "open voice recorder", "open zoom"]
  },
  {
    "tag": "exit",
    "patterns": ["quit", "exit", "terminate"]
  },
  {
    "tag": "note",
    "patterns": ["take note", "take a note"]
  },
  {
    "tag": "get_data",
    "patterns": ["show chat history", "get history", "get assistant chat history", "get chat history"]
  }
  ]
}